﻿<?xml version="1.0" encoding="utf-8"?>
<DacOrigin xmlns="http://schemas.microsoft.com/sqlserver/dac/Serialization/2012/02">
  <PackageProperties>
    <Version>3.1.0.0</Version>
    <ContainsExportedData>true</ContainsExportedData>
    <StreamVersions>
      <Version StreamName="Data">2.0.0.0</Version>
      <Version StreamName="DeploymentContributors">1.0.0.0</Version>
    </StreamVersions>
  </PackageProperties>
  <Operation>
    <Identity>5d1460e0-cabc-4cbb-9295-ee5dc6c7e4a9</Identity>
    <Start>2022-03-31T00:45:23.7069187+04:00</Start>
    <End>0001-01-01T00:00:00.0000000</End>
    <ProductName>Microsoft.SqlServer.Dac, Version=15.0.0.0, Culture=neutral, PublicKeyToken=b03f5f7f11d50a3a</ProductName>
    <ProductVersion>15.0.5282.3</ProductVersion>
    <ProductSchema>http://schemas.microsoft.com/sqlserver/dac/Serialization/2012/02</ProductSchema>
  </Operation>
  <Server>
    <ServerVersion>Microsoft SQL Server 2019 (RTM) - 15.0.2000.5 (X64) 
	Sep 24 2019 13:48:23 
	Copyright (C) 2019 Microsoft Corporation
	Express Edition (64-bit) on Windows 10 Pro 10.0 &lt;X64&gt; (Build 19042: )
</ServerVersion>
    <ObjectCounts>
      <DatabaseOptions>1</DatabaseOptions>
      <PermissionStatement>2</PermissionStatement>
      <PrimaryKeyConstraint>4</PrimaryKeyConstraint>
      <SimpleColumn>9</SimpleColumn>
      <Table>4</Table>
    </ObjectCounts>
  </Server>
  <ExportStatistics>
    <SourceDatabaseSize>11312</SourceDatabaseSize>
    <TableRowCountTotalTag>17</TableRowCountTotalTag>
  </ExportStatistics>
  <Checksums>
    <Checksum Uri="/model.xml">CB59CD488F444DDC8FC60A8951A5DBA717C62546BF264FA472484DA139680E5D</Checksum>
  </Checksums>
  <ModelSchemaVersion>2.9</ModelSchemaVersion>
</DacOrigin>